watershed,type,category,title,precinct,local,grant,partner,match,benefits,zips
Addicks Reservoir,Partnership,Study,Corps of Engineers Section 216 Study - Addicks and Barker Reservoirs,Countywide,0,750000,750000,0,This study partnership with the Corps of Engineers will evaluate the effectiveness and operation of the Addicks and Barker Reservoirs.,"77433, 77447, 77493, 77449, 77084, 77041, 77095"
Addicks Reservoir,Partnership,Construction,Design and Construction of Little York Stormwater Detention Basin,4,0,3000000,2500000,500000,Project would provide additional stormwater detention in support of flood damage reduction in Addicks Reservoir Watershed.,"77433, 77447, 77493, 77449, 77084, 77041, 77095"
Addicks Reservoir,Local,Construction,Design and Construction of Secondary Outfall for John Pauls Landing for the Upper Langham Creek Program,3,5000000,0,0,0,This project will reduce the risk of flooding along Upper Langham Creek.,"77433, 77447, 77493, 77449, 77084, 77041, 77095"
Addicks Reservoir,Local,Construction,"Right-Of-Way Acquisition, Design and Construction of Control Structures and Stormwater Quality Features for the Upper Langham Creek Program",3,10000000,0,0,0,The Upper Langham Creek project could remove the 1% floodplain from all structures in the Upper Langham Creek watershed.,"77433, 77447, 77493, 77449, 77084, 77041, 77095"
Addicks Reservoir,Partnership,Construction,"Right-Of-Way Acquisition, Design and Construction of Channel Conveyance Improvements and Bypass Channel for South Mayde Creek",3,0,10000000,9000000,1000000,The South Mayde Creek project could reduce the risk of flooding for over 70 structures and the 1% floodplain is removed from an estimated 19 miles of roads near several schools.,"77433, 77447, 77493, 77449, 77084, 77041, 77095"
Addicks Reservoir,Partnership,Repairs,Rehabilitation of Channels Inside of Addicks Reservoir to Restore Channel Conveyance Capacity,3,0,10000000,0,10000000,Major maintenance to restore channel conveyance capacity. Partnership project with USACE with HCFCD providing project funding.,"77433, 77447, 77493, 77449, 77084, 77041, 77095"
Addicks Reservoir,Partnership,Construction,Design and Construction of a Bridge Replacement for Greenhouse Road at South Mayde Creek,3,0,15000000,13500000,1500000,This project will reduce the risk of flooding along South Mayde Creek.,"77433, 77447, 77493, 77449, 77084, 77041, 77095"
Addicks Reservoir,Local,Construction,"Right-Of-Way Acquisition, Design, and Construction of a Retention Area",4,15000000,0,0,0,Provides regional retention in accordance w/ Cypress Creek Overflow Guidelines,"77433, 77447, 77493, 77449, 77084, 77041, 77095"
Addicks Reservoir,Partnership,Construction,Design and Construction of Dinner Creek Stormwater Detention Basin,4,0,15000000,11250000,3750000,Project would provide additional stormwater detention in support of flood damage reduction in Addicks Reservoir Watershed.,"77433, 77447, 77493, 77449, 77084, 77041, 77095"
Addicks Reservoir,Partnership,Construction,"Right-Of-Way Acquisition, Design and Construction of a Stormwater Detention Basin on South Mayde Creek",3,0,16000000,14400000,1600000,This project will reduce the risk of flooding along South Mayde Creek.,"77433, 77447, 77493, 77449, 77084, 77041, 77095"
Addicks Reservoir,Local,Construction,"Right-Of-Way Acquisition, Design, and Construction of Wetland Mitigation Bank",3 & 4,20000000,0,0,0,Restoration and enhancement of wetlands to create credits for wetland mitigation supporting construction of District projects.,"77433, 77447, 77493, 77449, 77084, 77041, 77095"
Addicks Reservoir,Local,Construction,"Right-Of-Way Acquisition, Design and Construction of a Stormwater Detention Basin North of John Pauls Landing for the Upper Langham Creek Program",3,21000000,0,0,0,This project will reduce the risk of flooding along Upper Langham Creek.,"77433, 77447, 77493, 77449, 77084, 77041, 77095"
Addicks Reservoir,Local,Construction,"Planning, Right-Of-Way Acquisition, Design, and Construction for Ultimate Conveyance on Bear Creek",3,25000000,0,0,0,The project could reduce the risk of flooding for over 30 structures in the 1% floodplain and create depth for more effective drainage.,"77433, 77447, 77493, 77449, 77084, 77041, 77095"
Addicks Reservoir,Local,Repairs,Rehabilitation of Channels Upstream of Addicks Reservoir to Restore Channel Conveyance Capacity,3,30000000,0,0,0,Major maintenance to restore channel conveyance capacity.,"77433, 77447, 77493, 77449, 77084, 77041, 77095"
Addicks Reservoir,Storm Repair,Repairs,Storm Repairs in Addicks Reservoir Watershed,3 & 4,0,30800000,24640000,6160000,Approximately 260 repair projects of erosion and infrastructure identified after Hurricane Harvey.,"77433, 77447, 77493, 77449, 77084, 77041, 77095"
Addicks Reservoir,Subdivision Drainage Improvement,Drainage improvements,Addicks Reservoir Subdivision Drainage Improvements,3 & 4,0,83770000,62827500,20942500,"Design and construction of these projects could reduce the risk of flooding for over 6,600 homes during a 1% rain or flood event.","77433, 77447, 77493, 77449, 77084, 77041, 77095"
Addicks Reservoir,Partnership,Construction,"Right-Of-Way Acquisition, Design and Construction of a Stormwater Detention Basin on South Mayde Creek near the Grand Parkway",3,0,94000000,84600000,9400000,This project will reduce the risk of flooding along South Mayde Creek.,"77433, 77447, 77493, 77449, 77084, 77041, 77095"
Armand Bayou,Storm Repair,Repairs,Storm Repairs in Armand Bayou Watershed,2,0,200000,160000,40000,Approximately 19 repair projects of erosion and infrastructure identified after Hurricane Harvey.,"77536, 77571, 77507, 77586, 77058, 77062, 77598, 77059, 77034, 77505, 77504, 77503"
Armand Bayou,Community Input,Study,Brookglen Flooding Mitigation Analysis,2,250000,0,0,0,Effort will investigate flooding problems and evaluate potential solutions to flooding problems to reduce the risk of flooding in the Brookglen area.,"77536, 77571, 77507, 77586, 77058, 77062, 77598, 77059, 77034, 77505, 77504, 77503"
Armand Bayou,Local,Study,Investigations of General Drainage Improvements in Armand Bayou Watershed,2,500000,0,0,0,Effort will investigate flooding problems and evaluate potential solutions to flooding problems to reduce the risk of flooding in the Armand Bayou watershed.,"77536, 77571, 77507, 77586, 77058, 77062, 77598, 77059, 77034, 77505, 77504, 77503"
Armand Bayou,Local,Construction,Design and Construction of the Baywood Stormwater Detention Basin,2,2000000,0,0,0,Construction of additional volume in this stormwater detention basin will help reduce the risk of flooding along Armand Bayou.,"77536, 77571, 77507, 77586, 77058, 77062, 77598, 77059, 77034, 77505, 77504, 77503"
Armand Bayou,Partnership,Repairs,Armand Bayou Right-of-Way Acquisition and Floodplain Preservation,2,0,4000000,2000000,2000000,"Right of way acquisition along Armand Bayou for project support, to preserve channel conveyance and / or restore natural floodplains in areas subject to frequent flooding.","77536, 77571, 77507, 77586, 77058, 77062, 77598, 77059, 77034, 77505, 77504, 77503"
Armand Bayou,Community Input,Construction,"Planning, Right-Of-Way, Design and Construction of Conveyance Improvements along Horsepen Bayou",2,0,6000000,0,6000000,Project could reduce the risk of flooding for structures in the watershed.  Some project costs will be determined based on partnership with NASA.,"77536, 77571, 77507, 77586, 77058, 77062, 77598, 77059, 77034, 77505, 77504, 77503"
Armand Bayou,Buyout,Buyout,Federal Grant-Funded Volunteer Home Buyouts,2,0,6200000,4650000,1550000,Purchase of approximately 30 buildings.,"77536, 77571, 77507, 77586, 77058, 77062, 77598, 77059, 77034, 77505, 77504, 77503"
Armand Bayou,Local,Construction,"Right-Of-Way, Design and Construction of Conveyance Improvements along Armand Bayou",2,10000000,0,0,0,Design and construction of projects to reduce the risk of flooding in the Armand Bayou watershed.,"77536, 77571, 77507, 77586, 77058, 77062, 77598, 77059, 77034, 77505, 77504, 77503"
Armand Bayou,Partnership,Construction,"Right-Of-Way Acquisition, Design and Construction of B112-00-00 and Tributaries Conveyance Improvements",2,0,10000000,8000000,2000000,Provides general drainage improvements along B112-00-00,"77536, 77571, 77507, 77586, 77058, 77062, 77598, 77059, 77034, 77505, 77504, 77503"
Armand Bayou,Partnership,Construction,Design and Construction of the Red Bluff Regional Stormwater Detention Basin,2,0,15000000,11250000,3750000,Construction of this stormwater detention basin will reduce the risk of flooding in the Armand Bayou watershed.,"77536, 77571, 77507, 77586, 77058, 77062, 77598, 77059, 77034, 77505, 77504, 77503"
Barker Reservoir,Partnership,Study,Corps of Engineers Section 216 Study - Addicks and Barker Reservoirs,Countywide,0,750000,375000,375000,This study partnership with the Corps of Engineers will evaluate the effectiveness and operation of the Addicks and Barker Reservoirs.,"77094, 77450, 77449, 77494, 77423, 77484, 77493"
Barker Reservoir,Storm Repair,Repairs,Storm Repairs in Barker Reservoir Watershed,3,0,2350000,1880000,470000,Approximately 67 repair projects of erosion and infrastructure identified after Hurricane Harvey.,"77094, 77450, 77449, 77494, 77423, 77484, 77493"
Barker Reservoir,Partnership,Repairs,Rehabilitation of Channels Inside of Barker Reservoir to Restore Channel Conveyance Capacity,3,0,10000000,0,10000000,Major maintenance to restore channel conveyance capacity. Partnership project with USACE with HCFCD providing project funding.,"77094, 77450, 77449, 77494, 77423, 77484, 77493"
Barker Reservoir,Local,Repairs,Rehabilitation of Approximately 20 Miles of Channels Upstream of Barker Reservoir to Restore Channel Conveyance Capacity,3,30000000,0,0,0,Major maintenance to restore channel conveyance capacity.,"77094, 77450, 77449, 77494, 77423, 77484, 77493"
Barker Reservoir,Subdivision Drainage Improvement,Drainage improvements,Barker Reservoir Subdivision Drainage Improvements,3,0,33170000,24877500,8292500,"Design and construction of these projects could reduce the risk of flooding for over 1,900 homes during a 1% rain or flood event.","77094, 77450, 77449, 77494, 77423, 77484, 77493"
Brays Bayou,Community Input,Study,Investigation of Additional Stormwater Detention Basins in the Brays Bayou Watershed,"1, 2, & 3",200000,0,0,0,The project could reduce the risk of flooding for structures in the watershed.,"77012, 77011, 77023, 77003, 77004, 77087, 77033, 77021, 77006, 77002, 77030, 77019, 77054, 77025, 77005, 77046, 77027, 77081, 77401, 77096, 77035, 77071, 77489, 77477, 77031, 77074, 77036, 77478, 77099, 77072, 77042, 77082, 77077, 77083,77498, 77407"
Brays Bayou,Community Input,Study,Investigation of Channel Improvements Upstream of Fondren Road,1,250000,0,0,0,This project could reduce the risk of flooding along Brays Bayou.,"77012, 77011, 77023, 77003, 77004, 77087, 77033, 77021, 77006, 77002, 77030, 77019, 77054, 77025, 77005, 77046, 77027, 77081, 77401, 77096, 77035, 77071, 77489, 77477, 77031, 77074, 77036, 77478, 77099, 77072, 77042, 77082, 77077, 77083,77498, 77407"
Brays Bayou,Storm Repair,Repairs,Storm Repairs in Brays Bayou Watershed,"1, 2, & 3",0,3150000,2520000,630000,Approximately 91 repair projects of erosion and infrastructure identified after Hurricane Harvey.,"77012, 77011, 77023, 77003, 77004, 77087, 77033, 77021, 77006, 77002, 77030, 77019, 77054, 77025, 77005, 77046, 77027, 77081, 77401, 77096, 77035, 77071, 77489, 77477, 77031, 77074, 77036, 77478, 77099, 77072, 77042, 77082, 77077, 77083,77498, 77407"
Brays Bayou,Buyout,Buyout,Federal Grant-Funded Volunteer Home Buyouts,3,0,11600000,8700000,2900000,Purchase of approximately 40 buildings.  Project will be coordinated with existing COH plans.,"77012, 77011, 77023, 77003, 77004, 77087, 77033, 77021, 77006, 77002, 77030, 77019, 77054, 77025, 77005, 77046, 77027, 77081, 77401, 77096, 77035, 77071, 77489, 77477, 77031, 77074, 77036, 77478, 77099, 77072, 77042, 77082, 77077, 77083,77498, 77407"
Brays Bayou,Partnership,Construction,"Right-Of-Way, Design and Construction of Conveyance Improvements along Poor Farm Ditch",3,0,18000000,13500000,4500000,The project could reduce the risk of flooding for over 270 structures in the 1% floodplain.,"77012, 77011, 77023, 77003, 77004, 77087, 77033, 77021, 77006, 77002, 77030, 77019, 77054, 77025, 77005, 77046, 77027, 77081, 77401, 77096, 77035, 77071, 77489, 77477, 77031, 77074, 77036, 77478, 77099, 77072, 77042, 77082, 77077, 77083,77498, 77407"
Brays Bayou,Community Input,Repairs,Restore Channel Conveyance Capacity Along D115-00-00,2,0,30000000,15000000,15000000,Major maintenance to restore channel conveyance capacity in partnership with the City of Houston.  Project will be coordinated with existing COH plans.,"77012, 77011, 77023, 77003, 77004, 77087, 77033, 77021, 77006, 77002, 77030, 77019, 77054, 77025, 77005, 77046, 77027, 77081, 77401, 77096, 77035, 77071, 77489, 77477, 77031, 77074, 77036, 77478, 77099, 77072, 77042, 77082, 77077, 77083,77498, 77407"
Brays Bayou,Partnership,Construction,"Right-Of-Way, Design and Construction of Conveyance Improvements along Bintliff Ditch",3,0,30000000,22500000,7500000,The project could reduce the risk of flooding for over 720 structures in the 1% floodplain.  Project will be coordinated with existing COH plans.,"77012, 77011, 77023, 77003, 77004, 77087, 77033, 77021, 77006, 77002, 77030, 77019, 77054, 77025, 77005, 77046, 77027, 77081, 77401, 77096, 77035, 77071, 77489, 77477, 77031, 77074, 77036, 77478, 77099, 77072, 77042, 77082, 77077, 77083,77498, 77407"
Brays Bayou,Local,Construction,"Right-Of-Way Acquisition, Design, and Construction of Channel Conveyance Improvements on Fondren Diversion Channel",1,30500000,0,0,0,"Right of way acquisition, design and construction of this project could reduce the risk of flooding for over 400 structures in the 1% floodplain.  Project will be coordinated with existing COH plans.","77012, 77011, 77023, 77003, 77004, 77087, 77033, 77021, 77006, 77002, 77030, 77019, 77054, 77025, 77005, 77046, 77027, 77081, 77401, 77096, 77035, 77071, 77489, 77477, 77031, 77074, 77036, 77478, 77099, 77072, 77042, 77082, 77077, 77083,77498, 77407"
Brays Bayou,Local,Construction,"Planning, Right-Of-Way Acquisition, Design, and Construction of Channel Conveyance Improvements on Keegans Bayou",1,32500000,0,0,0,"Right of way acquisition, design and construction of this project could reduce the risk flooding for over 900 structures in the 1% floodplain.  Project will be coordinated with existing COH plans.","77012, 77011, 77023, 77003, 77004, 77087, 77033, 77021, 77006, 77002, 77030, 77019, 77054, 77025, 77005, 77046, 77027, 77081, 77401, 77096, 77035, 77071, 77489, 77477, 77031, 77074, 77036, 77478, 77099, 77072, 77042, 77082, 77077, 77083,77498, 77407"
Brays Bayou,Partnership,Construction,Design and Construction of Project Brays Corps of Engineers (Section 211(f) Project),"1, 2, & 3",0,130000000,70000000,60000000,"The 1% floodplain could be removed from  up to 15,000 structures.","77012, 77011, 77023, 77003, 77004, 77087, 77033, 77021, 77006, 77002, 77030, 77019, 77054, 77025, 77005, 77046, 77027, 77081, 77401, 77096, 77035, 77071, 77489, 77477, 77031, 77074, 77036, 77478, 77099, 77072, 77042, 77082, 77077, 77083,77498, 77407"
Buffalo Bayou,Community Input,Study,Investigation of Effectiveness of Micro-Detention,Countywide,200000,0,0,0,Investigations regarding the effectiveness of small detention  sites in the Buffalo Bayou watershed for the purpose of reducing the risk of flooding.,"77406, 77407, 77450, 77494, 77082, 77094, 77084, 77449, 77041, 77012, 77011, 77020, 77026, 77003, 77002, 77004, 77006, 77007, 77019, 77027, 77056, 77057, 77063, 77042, 77077, 77079, 77024, 77043, 77080, 77055"
Buffalo Bayou,Community Input,Study,Investigations of Bridges and Potential Channel Bypasses over Buffalo Bayou,Countywide,500000,0,0,0,"Investigations of bridges over Buffalo Bayou, the channel conveyance capacity around Beltway 8, Rummel Creek Road bridge and potential high flow bypasses at various locations along the bayou for the purpose of reducing the risk of flooding along the channel.","77406, 77407, 77450, 77494, 77082, 77094, 77084, 77449, 77041, 77012, 77011, 77020, 77026, 77003, 77002, 77004, 77006, 77007, 77019, 77027, 77056, 77057, 77063, 77042, 77077, 77079, 77024, 77043, 77080, 77055"
Buffalo Bayou,Local,Demolition,Demolition of Structure,2,2000000,0,0,0,Improving the channel conveyance along Buffalo Bayou near downtown Houston.,"77406, 77407, 77450, 77494, 77082, 77094, 77084, 77449, 77041, 77012, 77011, 77020, 77026, 77003, 77002, 77004, 77006, 77007, 77019, 77027, 77056, 77057, 77063, 77042, 77077, 77079, 77024, 77043, 77080, 77055"
Buffalo Bayou,Community Input,Repairs,Rehabilitation of W140-00-00 to Restore Channel Conveyance Capacity,3,2000000,0,0,0,Major maintenance to restore channel conveyance capacity.,"77406, 77407, 77450, 77494, 77082, 77094, 77084, 77449, 77041, 77012, 77011, 77020, 77026, 77003, 77002, 77004, 77006, 77007, 77019, 77027, 77056, 77057, 77063, 77042, 77077, 77079, 77024, 77043, 77080, 77055"
Buffalo Bayou,Local,Construction,Spring Branch Creek Stabilization,3,4000000,0,0,0,Funding needed for completion of construction to maintain channel conveyance around Memorial Drive.,"77406, 77407, 77450, 77494, 77082, 77094, 77084, 77449, 77041, 77012, 77011, 77020, 77026, 77003, 77002, 77004, 77006, 77007, 77019, 77027, 77056, 77057, 77063, 77042, 77077, 77079, 77024, 77043, 77080, 77055"
Buffalo Bayou,Storm Repair,Repairs,Storm Repairs in Buffalo Bayou Watershed,"1, 3, & 4",0,7975000,6380000,1595000,Approximately 94 repair projects of erosion and infrastructure identified after Hurricane Harvey.,"77406, 77407, 77450, 77494, 77082, 77094, 77084, 77449, 77041, 77012, 77011, 77020, 77026, 77003, 77002, 77004, 77006, 77007, 77019, 77027, 77056, 77057, 77063, 77042, 77077, 77079, 77024, 77043, 77080, 77055"
Buffalo Bayou,Local,Construction,Construction of Linear Detention on Buffalo Bayou,3,10000000,0,0,0,Reduce the risk of flooding along Buffalo Bayou with construction of additional stormwater detention volume on land already owned by the District.,"77406, 77407, 77450, 77494, 77082, 77094, 77084, 77449, 77041, 77012, 77011, 77020, 77026, 77003, 77002, 77004, 77006, 77007, 77019, 77027, 77056, 77057, 77063, 77042, 77077, 77079, 77024, 77043, 77080, 77055"
Buffalo Bayou,Local,Construction,"Planning, Right-Of-Way Acquisition, Design and Construction Along Soldiers Creek",3,10000000,0,0,0,Could reduce the risk of flooding and could improve local drainage issues for buildings along the channel.,"77406, 77407, 77450, 77494, 77082, 77094, 77084, 77449, 77041, 77012, 77011, 77020, 77026, 77003, 77002, 77004, 77006, 77007, 77019, 77027, 77056, 77057, 77063, 77042, 77077, 77079, 77024, 77043, 77080, 77055"
Buffalo Bayou,Community Input,Construction,"Planning, Right-Of-Way Acquisition, Design and Construction Along W151-00-00",3,10000000,0,0,0,Could reduce the risk of flooding and could improve local drainage issues for buildings along the channel.,"77406, 77407, 77450, 77494, 77082, 77094, 77084, 77449, 77041, 77012, 77011, 77020, 77026, 77003, 77002, 77004, 77006, 77007, 77019, 77027, 77056, 77057, 77063, 77042, 77077, 77079, 77024, 77043, 77080, 77055"
Buffalo Bayou,Local,Construction,"Planning, Right-Of-Way Acquisition, Design and Construction Along W153-00-00",3,10000000,0,0,0,Could reduce the risk of flooding and could improve local drainage issues for buildings along the channel.  Project will be coordinated with existing COH plans.,"77406, 77407, 77450, 77494, 77082, 77094, 77084, 77449, 77041, 77012, 77011, 77020, 77026, 77003, 77002, 77004, 77006, 77007, 77019, 77027, 77056, 77057, 77063, 77042, 77077, 77079, 77024, 77043, 77080, 77055"
Buffalo Bayou,Local,Construction,"Planning, Right-Of-Way Acquisition, Design and Construction Along W157-00-00",3,10000000,0,0,0,Could reduce the risk of flooding and could improve local drainage issues for buildings along the channel.,"77406, 77407, 77450, 77494, 77082, 77094, 77084, 77449, 77041, 77012, 77011, 77020, 77026, 77003, 77002, 77004, 77006, 77007, 77019, 77027, 77056, 77057, 77063, 77042, 77077, 77079, 77024, 77043, 77080, 77055"
Buffalo Bayou,Community Input,Construction,Design & Construction of Replacement Bridges Along Buffalo Bayou,Countywide,30000000,0,0,0,Design and construction of replacement bridges along Buffalo Bayou that could reduce the risk of flooding along the channel.,"77406, 77407, 77450, 77494, 77082, 77094, 77084, 77449, 77041, 77012, 77011, 77020, 77026, 77003, 77002, 77004, 77006, 77007, 77019, 77027, 77056, 77057, 77063, 77042, 77077, 77079, 77024, 77043, 77080, 77055"
Buffalo Bayou,Community Input,Drainage improvements,"Partnership Project with Fort Bend County on Right-of-Way Acquisition, Design, and Construction of General Drainage Improvements along Clodine Ditch",3,0,30000000,15000000,15000000,"Planning, right of way acquisition, design and construction of this project could reduce the risk of flooding for homes along Buffalo Bayou downstream of Highway 6.","77406, 77407, 77450, 77494, 77082, 77094, 77084, 77449, 77041, 77012, 77011, 77020, 77026, 77003, 77002, 77004, 77006, 77007, 77019, 77027, 77056, 77057, 77063, 77042, 77077, 77079, 77024, 77043, 77080, 77055"
Carpenters Bayou,Storm Repair,Repairs,Storm Repairs in Carpenters Bayou Watershed,1 & 2,0,100000,80000,20000,Approximately 21 repair projects of erosion and infrastructure identified after Hurricane Harvey.,"77044, 77049, 77015, 77530"
Carpenters Bayou,Buyout,Buyout,Federal Grant-Funded Volunteer Home Buyouts,1 & 2,0,200000,150000,50000,Purchase of several buildings.,"77044, 77049, 77015, 77530"
Carpenters Bayou,Subdivision Drainage Improvement,Drainage improvements,Carpenters Bayou Subdivision Drainage Improvements,1 & 2,0,6650000,4987500,1662500,Design and construction of these projects could reduce the risk of flooding for over 600 homes during a 1% rain or flood event.,"77044, 77049, 77015, 77530"
Cedar Bayou,Storm Repair,Repairs,Storm Repairs in Cedar Bayou Watershed,2,0,150000,120000,30000,Approximately 10 repair projects of erosion and infrastructure identified after Hurricane Harvey.,"77336, 77532, 77562, 77521, 77520, 77523, 77535"
Cedar Bayou,Buyout,Buyout,Federal Grant-Funded Volunteer Home Buyouts,2,0,600000,450000,150000,Purchase of several buildings.,"77336, 77532, 77562, 77521, 77520, 77523, 77535"
Cedar Bayou,Local,Construction,Design and Construction of Crosby Eastgate Environmental Mitigation Bank,2,1000000,0,0,0,Restoration and enhancement of wetlands to create credits for wetland mitigation supporting construction of District projects.,"77336, 77532, 77562, 77521, 77520, 77523, 77535"
Cedar Bayou,Subdivision Drainage Improvement,Drainage improvements,Cedar Bayou Subdivision Drainage Improvements,2,0,2000000,1500000,500000,Design and construction of these projects could reduce the risk of flooding for over 150 homes during a 1% rain or flood event.,"77336, 77532, 77562, 77521, 77520, 77523, 77535"
Cedar Bayou,Local,Construction,"Right-Of-Way Acquisition, Design and Construction of channel conveyance improvements on Q136-00-00 - Part of the Upstream Cedar Bayou Project",2,10500000,0,0,0,This project will reduce the risk of flooding along upper Cedar Bayou.,"77336, 77532, 77562, 77521, 77520, 77523, 77535"
Cedar Bayou,Local,Construction,"Planning, Right-Of-Way Acquisition, Design and Construction of Channel Conveyance Improvements on Q134-00-00",2,11000000,0,0,0,The 1% floodplain could be reduced in size.,"77336, 77532, 77562, 77521, 77520, 77523, 77535"
Cedar Bayou,Local,Construction,"Right-Of-Way Acquisition, Design and Construction of channel conveyance improvements on Q134-01-00 - Part of the Upstream Cedar Bayou Project",2,11000000,0,0,0,This project will reduce the risk of flooding along upper Cedar Bayou.,"77336, 77532, 77562, 77521, 77520, 77523, 77535"
Cedar Bayou,Local,Construction,"Right-of-Way Acquisition, Design and Construction of Channel Conveyance Improvements along Q130-00-00",2,18000000,0,0,0,"The 1% floodplain could be reduced in size from approximately 1,100 acres to less than 100 acres.","77336, 77532, 77562, 77521, 77520, 77523, 77535"
Cedar Bayou,Local,Construction,"Right-of-Way Acquisition, Design and Construction of Channel Conveyance Improvements along Clawson Ditch and Q124-00-00",2,19000000,0,0,0,"The 1% floodplain could be reduced in size from approximately 2,700 acres to less than 800 acres.","77336, 77532, 77562, 77521, 77520, 77523, 77535"
Cedar Bayou,Local,Construction,"Right-of-Way Acquisition, Design and Construction of Channel Conveyance Improvements along Adlong Ditch",2,23000000,0,0,0,"The 1% floodplain could be reduced in size from approximately 2,300 acres to less than 200 acres.","77336, 77532, 77562, 77521, 77520, 77523, 77535"
Cedar Bayou,Local,Construction,"Right-Of-Way Acquisition, Design and Construction of Stormwater Detention Basins near Coastal Water Authority canals and IH 10",2,23000000,0,0,0,The 1% floodplain could be reduced in size.,"77336, 77532, 77562, 77521, 77520, 77523, 77535"
Cedar Bayou,Local,Construction,Design and Construction of the Q500-01 Stormwater Detention Basin,2,26000000,0,0,0,The 1% floodplain could be reduced in size.,"77336, 77532, 77562, 77521, 77520, 77523, 77535"
Cedar Bayou,Local,Construction,"Right-of-Way Acquisition, Design and Construction of Channel Conveyance Improvements along Magee Gully",2,33000000,0,0,0,The 1% floodplain could be reduced in size.,"77336, 77532, 77562, 77521, 77520, 77523, 77535"
Cedar Bayou,Local,Construction,"Upstream Cedar Bayou Project - Right-Of-Way Acquisition, Design and Construction of Channel Conveyance Improvements and Stormwater Detention Basin Upstream of FM 1960",2,74000000,0,0,0,"The 1% floodplain could be reduced in size from approximately 1,500 acres to less than 100 acres.","77336, 77532, 77562, 77521, 77520, 77523, 77535"
Clear Creek,Community Input,Construction,Partnership Project with Nassau Bay to Reduce the Risk of Flooding,2,0,150000,25000,125000,Could reduce the risk of flooding in Nassau Bay.,"77571, 77507, 77586, 77565, 77573, 77058, 77062, 77598, 77546, 77511, 77581, 77075, 77048, 77047, 77584, 77578, 77583, 77545"
Clear Creek,Storm Repair,Repairs,Storm Repairs in Clear Creek Watershed,1 & 2,0,675000,540000,135000,Approximately 40 repair projects of erosion and infrastructure identified after Hurricane Harvey.,"77571, 77507, 77586, 77565, 77573, 77058, 77062, 77598, 77546, 77511, 77581, 77075, 77048, 77047, 77584, 77578, 77583, 77545"
Clear Creek,Community Input,Repairs,Rehabilitation of the A214-00-00 channel to Restore Channel Conveyance Capacity,1 & 2,0,1000000,500000,500000,Major maintenance to restore channel conveyance capacity.,"77571, 77507, 77586, 77565, 77573, 77058, 77062, 77598, 77546, 77511, 77581, 77075, 77048, 77047, 77584, 77578, 77583, 77545"
Clear Creek,Local,Construction,"Right-Of-Way Acquisition, Design, and Construction of Channel Conveyance Improvements on A135-00-00",1,2500000,0,0,0,Could reduce the risk of flooding and could improve local drainage issues for over 350 buildings.,"77571, 77507, 77586, 77565, 77573, 77058, 77062, 77598, 77546, 77511, 77581, 77075, 77048, 77047, 77584, 77578, 77583, 77545"
Clear Creek,Community Input,Repairs,Restore Channel Conveyance Capacity on A104-00-00,2,5000000,0,0,0,Major maintenance to restore channel conveyance capacity.,"77571, 77507, 77586, 77565, 77573, 77058, 77062, 77598, 77546, 77511, 77581, 77075, 77048, 77047, 77584, 77578, 77583, 77545"
Clear Creek,Local,Construction,"Identification, Design and Construction of the A700-01 Environmental Mitigation Bank",1 & 2,6000000,0,0,0,Restoration and enhancement of wetlands to create credits for wetland mitigation supporting construction of District projects.,"77571, 77507, 77586, 77565, 77573, 77058, 77062, 77598, 77546, 77511, 77581, 77075, 77048, 77047, 77584, 77578, 77583, 77545"
Clear Creek,Local,Construction,Design and Construction of Hughes Stormwater Detention Basin,1,6100000,0,0,0,"Complements the Clear Creek Federal Project that could reduce the risk of flooding for over 2,100 structures","77571, 77507, 77586, 77565, 77573, 77058, 77062, 77598, 77546, 77511, 77581, 77075, 77048, 77047, 77584, 77578, 77583, 77545"
Clear Creek,Local,Construction,Design and Construction of Dagg Road Stormwater Detention Basin,1,7400000,0,0,0,"Complements the Clear Creek Federal Project that could reduce the risk of flooding for over 2,100 structures","77571, 77507, 77586, 77565, 77573, 77058, 77062, 77598, 77546, 77511, 77581, 77075, 77048, 77047, 77584, 77578, 77583, 77545"
Clear Creek,Community Input,Construction,Construction of Stormwater Detention Basin Near FM 528 in Friendswood,1,0,10000000,7500000,2500000,Complements the Clear Creek Federal Project that could reduce the risk of flooding,"77571, 77507, 77586, 77565, 77573, 77058, 77062, 77598, 77546, 77511, 77581, 77075, 77048, 77047, 77584, 77578, 77583, 77545"
Clear Creek,Community Input,Construction,Construction of Stormwater Detention Basin Near Dixie Farm Road in Friendswood,1,0,10000000,7500000,2500000,Complements the Clear Creek Federal Project that could reduce the risk of flooding,"77571, 77507, 77586, 77565, 77573, 77058, 77062, 77598, 77546, 77511, 77581, 77075, 77048, 77047, 77584, 77578, 77583, 77545"
Clear Creek,Subdivision Drainage Improvement,Drainage improvements,Clear Creek Subdivision Drainage Improvements,1 & 2,0,12060000,9045000,3015000,Design and construction of these projects could reduce the risk of flooding for over 900 homes during a 1% rain or flood event.,"77571, 77507, 77586, 77565, 77573, 77058, 77062, 77598, 77546, 77511, 77581, 77075, 77048, 77047, 77584, 77578, 77583, 77545"
Clear Creek,Partnership,Construction,Construction of South Belt Stormwater Detention Basin and Channel Conveyance Improvements Along Beamer Road Ditch (A120-00-00),1,0,15950000,11962500,3987500,"Complements the Clear Creek Federal Project that could reduce the risk of flooding for over 2,100 structures","77571, 77507, 77586, 77565, 77573, 77058, 77062, 77598, 77546, 77511, 77581, 77075, 77048, 77047, 77584, 77578, 77583, 77545"
Clear Creek,Community Input,Repairs,Rehabilitation of the Clear Creek channel to Restore Channel Conveyance Capacity,1 & 2,25000000,0,0,0,Major maintenance to restore channel conveyance capacity.,"77571, 77507, 77586, 77565, 77573, 77058, 77062, 77598, 77546, 77511, 77581, 77075, 77048, 77047, 77584, 77578, 77583, 77545"
Clear Creek,Buyout,Buyout,Federal Grant-Funded Volunteer Home Buyouts,1,0,38800000,29100000,9700000,Purchase of approximately 170 buildings.,"77571, 77507, 77586, 77565, 77573, 77058, 77062, 77598, 77546, 77511, 77581, 77075, 77048, 77047, 77584, 77578, 77583, 77545"
Clear Creek,Partnership,Construction,Design and Construction of Corps of Engineers Clear Creek Federal Flood Risk Management Project,1 & 2,0,200000000,130000000,70000000,"The 1% floodplain could be removed from up to 2,100 structures.","77571, 77507, 77586, 77565, 77573, 77058, 77062, 77598, 77546, 77511, 77581, 77075, 77048, 77047, 77584, 77578, 77583, 77545"
Cypress Creek,Community Input,Study,Investigation of Additional Detention Volume at K500-01-00 Stormwater Detention Basin,3,100000,0,0,0,Study will investigate potential for additional detention volume at K500-01 stormwater detention basin.,"77484, 77493, 77447, 77433, 77429, 77095, 77377, 77070, 77375, 77379, 77069, 77068, 77090, 77388, 77389, 77373, 77073, 77338, 77032"
Cypress Creek,Community Input,Study,Investigation of Potential Detention Sites Around Cypress Creek and Stuebner Airline,3 & 4,100000,0,0,0,Study will investigate potential sites and  benefits for detention around Cypress Creek and Stuebner Airline.,"77484, 77493, 77447, 77433, 77429, 77095, 77377, 77070, 77375, 77379, 77069, 77068, 77090, 77388, 77389, 77373, 77073, 77338, 77032"
Cypress Creek,Community Input,Study,Update to 2003 Texas Water Development Board Cypress Creek Tributary Study,3 & 4,400000,0,0,0,Update of 2003 Study to consider current conditions and update recommendations.,"77484, 77493, 77447, 77433, 77429, 77095, 77377, 77070, 77375, 77379, 77069, 77068, 77090, 77388, 77389, 77373, 77073, 77338, 77032"
Cypress Creek,Local,Repairs,Restore Channel Conveyance Capacity Along Pillot Gully,4,2200000,0,0,0,Major maintenance to restore channel conveyance capacity.,"77484, 77493, 77447, 77433, 77429, 77095, 77377, 77070, 77375, 77379, 77069, 77068, 77090, 77388, 77389, 77373, 77073, 77338, 77032"
Cypress Creek,Local,Construction,Construction of Channel Conveyance Improvements Along K163-00-00,3,3000000,0,0,0,Provides joint-benefits of facilitating local drainage improvements and reducing the risk of flooding along the channel.,"77484, 77493, 77447, 77433, 77429, 77095, 77377, 77070, 77375, 77379, 77069, 77068, 77090, 77388, 77389, 77373, 77073, 77338, 77032"
Cypress Creek,Local,Repairs,Restore Channel Conveyance Capacity on K129-00-00,4,4800000,0,0,0,Major maintenance to restore channel conveyance capacity.,"77484, 77493, 77447, 77433, 77429, 77095, 77377, 77070, 77375, 77379, 77069, 77068, 77090, 77388, 77389, 77373, 77073, 77338, 77032"
Cypress Creek,Local,Construction,"Identification, Design and Construction of the K700-02 Environmental Mitigation Bank",3,9300000,0,0,0,Restoration and enhancement of wetlands to create credits for wetland mitigation supporting construction of District projects.,"77484, 77493, 77447, 77433, 77429, 77095, 77377, 77070, 77375, 77379, 77069, 77068, 77090, 77388, 77389, 77373, 77073, 77338, 77032"
Cypress Creek,Local,Construction,Design and Construction of Stormwater Detention Basins in Large Buyout Areas,4,25000000,0,0,0,"Design and Construction of stormwater detention basins in large areas of complete buyout could reduce the risk of flooding in the area.  Projects could include, but not limited to, detention, sediment control, vegetation management, and other flood risk management projects.","77484, 77493, 77447, 77433, 77429, 77095, 77377, 77070, 77375, 77379, 77069, 77068, 77090, 77388, 77389, 77373, 77073, 77338, 77032"
Cypress Creek,Storm Repair,Repairs,Storm Repairs in Cypress Creek Watershed,"1, 3, & 4",0,27775000,22220000,5555000,Approximately 253 repair projects of erosion and infrastructure identified after Hurricane Harvey.,"77484, 77493, 77447, 77433, 77429, 77095, 77377, 77070, 77375, 77379, 77069, 77068, 77090, 77388, 77389, 77373, 77073, 77338, 77032"
Cypress Creek,Community Input,Repairs,Major Maintenance of Cypress Creek and Tributaries,3 & 4,60000000,0,0,0,"Major maintenance to restore channel conveyance capacity.  May include right of way acquisition, design, and construction along tributaries.","77484, 77493, 77447, 77433, 77429, 77095, 77377, 77070, 77375, 77379, 77069, 77068, 77090, 77388, 77389, 77373, 77073, 77338, 77032"
Cypress Creek,Local,Repairs,Cypress Creek Right-of-Way Acquisition and Floodplain Preservation,3 & 4,100000000,0,0,0,"Right of way acquisition along Cypress Creek for project support, to preserve channel conveyance and / or restore natural floodplains in areas subject to frequent flooding.","77484, 77493, 77447, 77433, 77429, 77095, 77377, 77070, 77375, 77379, 77069, 77068, 77090, 77388, 77389, 77373, 77073, 77338, 77032"
Cypress Creek,Subdivision Drainage Improvement,Drainage improvements,Cypress Creek Subdivision Drainage Improvements,"1, 3, & 4",0,134940000,101205000,33735000,"Design and construction of these projects could reduce the risk of flooding for over 3,900 homes during a 1% rain or flood event.","77484, 77493, 77447, 77433, 77429, 77095, 77377, 77070, 77375, 77379, 77069, 77068, 77090, 77388, 77389, 77373, 77073, 77338, 77032"
Cypress Creek,Buyout,Buyout,Federal Grant-Funded Volunteer Home Buyouts,3 & 4,0,187300000,140475000,46825000,Purchase of approximately 450 buildings.,"77484, 77493, 77447, 77433, 77429, 77095, 77377, 77070, 77375, 77379, 77069, 77068, 77090, 77388, 77389, 77373, 77073, 77338, 77032"
Galveston Bay,Buyout,Buyout,Federal Grant-Funded Volunteer Home Buyouts,2,0,200000,150000,50000,Purchase of several buildings.,"77571, 77586"
Galveston Bay,Local,Study,Investigations of General Drainage Improvements in Galveston Bay Watershed,2,500000,0,0,0,Effort will investigate flooding problems and evaluate potential solutions to flooding problems to reduce the risk of flooding in the Galveston Bay watershed.,"77571, 77586"
Galveston Bay,Local,Drainage improvements,"Right-of-Way Acquisition, Design and Construction of General Drainage Improvements in Galveston Bay Watershed",2,4000000,0,0,0,Design and construction of projects to reduce the risk of flooding in the Galveston Bay watershed.,"77571, 77586"
Galveston Bay,Partnership,Drainage improvements,"Right-of-Way Acquisition, Design and Construction of General Drainage Improvements Along F216-00-00",2,0,10000000,2000000,8000000,Design and construction of projects to reduce the risk of flooding along F216-00-00,"77571, 77586"
Galveston Bay,Partnership,Drainage improvements,"Right-of-Way Acquisition, Design and Construction of General Drainage Improvements Along F101-06-00",2,0,20000000,4000000,16000000,Design and construction of projects to reduce the risk of flooding along F101-06-00.,"77571, 77586"
Goose Creek,Buyout,Buyout,Federal Grant-Funded Volunteer Home Buyouts,2,0,200000,150000,50000,Purchase of several buildings.,"77532, 77562, 77521, 77520"
Goose Creek,Local,Study,Investigations of General Drainage Improvements in Goose Creek watershed,2,500000,0,0,0,Effort will investigate flooding problems and evaluate potential solutions to flooding problems to reduce the risk of flooding in Goose Creek watershed.,"77532, 77562, 77521, 77520"
Goose Creek,Local,Study,Investigations of General Drainage Improvements on Spring Gully,2,500000,0,0,0,Effort will investigate flooding problems and evaluate potential solutions to flooding problems to reduce the risk of flooding along Spring Gully.,"77532, 77562, 77521, 77520"
Goose Creek,Local,Drainage improvements,"Right-Of-Way Acquisition, Design, and Construction of General Drainage Improvements on Spring Gully",2,5000000,0,0,0,Design and construction of projects that could reduce the risk of flooding for over 220 structures in the 1% floodplain.,"77532, 77562, 77521, 77520"
Goose Creek,Subdivision Drainage Improvement,Drainage improvements,Spring Gully & Goose Creek Subdivision Drainage Improvements,2,0,8650000,6487500,2162500,Design and construction of these projects could reduce the risk of flooding for over 650 homes during a 1% rain or flood event.,"77532, 77562, 77521, 77520"
Goose Creek,Local,Drainage improvements,"Right-Of-Way Acquisition, Design, and Construction of General Drainage Improvements in Goose Creek watershed",2,25000000,0,0,0,Design and construction of projects to reduce the risk of flooding in the Goose Creek watershed.,"77532, 77562, 77521, 77520"
Greens Bayou,Community Input,Construction,"ROW, Design, and Construction of Stormwater Detention Basin Near P130-05",1,3000000,0,0,0,Project could reduce the risk of flooding for structures near P130-05-01,"77015, 77013, 77049, 77044, 77078, 77028, 77093, 77346, 77396, 77039, 77076, 77037, 77338, 77032, 77073, 77090, 
77014, 77066, 77070, 77064, 77038, 77088, 77076, 77037"
Greens Bayou,Partnership,Construction,"Potential CDBG-DR (2017) - Planning, Right-of-Way Acquisition, Design and Construction of Channel Conveyance Improvements along P138-01-01",2,0,5000000,5000000,0,"Potential federal funded project, the risk of flooding could be reduced for approximately 100 buildings.","77015, 77013, 77049, 77044, 77078, 77028, 77093, 77346, 77396, 77039, 77076, 77037, 77338, 77032, 77073, 77090, 
77014, 77066, 77070, 77064, 77038, 77088, 77076, 77037"
Greens Bayou,Local,Repairs,Repairs and Enhancements to the Lower Greens Bayou Regional Detention Embankment and Control Structure,1,5000000,0,0,0,Major maintenance of existing detention facilities in Lower Greens Bayou.,"77015, 77013, 77049, 77044, 77078, 77028, 77093, 77346, 77396, 77039, 77076, 77037, 77338, 77032, 77073, 77090, 
77014, 77066, 77070, 77064, 77038, 77088, 77076, 77037"
Greens Bayou,Partnership,Construction,Design and Construction of the Smith Road Channel Diversion,4,0,8000000,7200000,800000,This project could reduce the risk of flooding for over 440 buildings along P133-00-00 and secondary benefits could include reduced erosion.,"77015, 77013, 77049, 77044, 77078, 77028, 77093, 77346, 77396, 77039, 77076, 77037, 77338, 77032, 77073, 77090, 
77014, 77066, 77070, 77064, 77038, 77088, 77076, 77037"
Greens Bayou,Storm Repair,Repairs,Storm Repairs in Greens Bayou Watershed,"1, 2, & 4",0,9975000,7980000,1995000,Approximately 191 repair projects of erosion and infrastructure identified after Hurricane Harvey.,"77015, 77013, 77049, 77044, 77078, 77028, 77093, 77346, 77396, 77039, 77076, 77037, 77338, 77032, 77073, 77090, 
77014, 77066, 77070, 77064, 77038, 77088, 77076, 77037"
Greens Bayou,Partnership,Construction,Design and Construction of the Cutten Road Basin,4,0,15000000,13500000,1500000,This project could reduce the risk of flooding in the Greens Bayou watershed.,"77015, 77013, 77049, 77044, 77078, 77028, 77093, 77346, 77396, 77039, 77076, 77037, 77338, 77032, 77073, 77090, 
77014, 77066, 77070, 77064, 77038, 77088, 77076, 77037"
Greens Bayou,Partnership,Construction,Design and Construction of Aldine-Westfield Stormwater Detention Basin Improvements,1,0,15100000,13590000,1510000,This project could reduce the risk of flooding in the Greens Bayou watershed.,"77015, 77013, 77049, 77044, 77078, 77028, 77093, 77346, 77396, 77039, 77076, 77037, 77338, 77032, 77073, 77090, 
77014, 77066, 77070, 77064, 77038, 77088, 77076, 77037"
Greens Bayou,Partnership,Construction,Design and Construction of Lauder Stormwater Detention Basin Improvements,2,0,16000000,14400000,1600000,This project could reduce the risk of flooding in the Greens Bayou watershed.,"77015, 77013, 77049, 77044, 77078, 77028, 77093, 77346, 77396, 77039, 77076, 77037, 77338, 77032, 77073, 77090, 
77014, 77066, 77070, 77064, 77038, 77088, 77076, 77037"
Greens Bayou,Partnership,Construction,Mid-Reach Greens Bayou Project - Design and Construction of Channel Conveyance Improvements along Greens Bayou,1 & 2,0,20000000,18000000,2000000,Project could reduce the risk of flooding for over 720 structures in the 10% floodplain.,"77015, 77013, 77049, 77044, 77078, 77028, 77093, 77346, 77396, 77039, 77076, 77037, 77338, 77032, 77073, 77090, 
77014, 77066, 77070, 77064, 77038, 77088, 77076, 77037"
Greens Bayou,Subdivision Drainage Improvement,Drainage improvements,Greens Bayou Subdivision Drainage Improvements,"1, 2, & 4",0,92640000,69480000,23160000,"Design and construction of these projects could reduce the risk of flooding for over 9,600 homes during a 1% rain or flood event.","77015, 77013, 77049, 77044, 77078, 77028, 77093, 77346, 77396, 77039, 77076, 77037, 77338, 77032, 77073, 77090, 
77014, 77066, 77070, 77064, 77038, 77088, 77076, 77037"
Greens Bayou,Buyout,Buyout,Federal Grant-Funded Volunteer Home Buyouts,1 & 2,0,97900000,73425000,24475000,Purchase of approximately 810 buildings.,"77015, 77013, 77049, 77044, 77078, 77028, 77093, 77346, 77396, 77039, 77076, 77037, 77338, 77032, 77073, 77090, 
77014, 77066, 77070, 77064, 77038, 77088, 77076, 77037"
Halls Bayou,Partnership,Construction,CDBG-DR (2015)  - Construction of P518-26 Stormwater Detention Basin,2,0,1000000,1000000,0,Provides additional stormwater detention in support of flood damage reduction in Halls Bayou Watershed,"77015, 77013, 77049, 77044, 77078, 77028, 77093, 77346, 77396, 77039, 77076, 77037, 77338, 77032, 77073, 77090, 
77014, 77066, 77070, 77064, 77038, 77088, 77076, 77037"
Halls Bayou,Partnership,Study,Local Cost Share for Corps of Engineers Halls Bayou Study,"1, 2, & 4",0,3000000,1500000,1500000,"Effort will identify a project for right of way acquisition, design, and construction that could reduce the risk of flooding for over 2,800 structures in the 1% floodplain.","77015, 77013, 77049, 77044, 77078, 77028, 77093, 77346, 77396, 77039, 77076, 77037, 77338, 77032, 77073, 77090, 
77014, 77066, 77070, 77064, 77038, 77088, 77076, 77037"
Halls Bayou,Partnership,Construction,"Right-Of-Way, Design, and Construction of Channel Conveyance Improvements on P118-25-01",2,0,6000000,5400000,600000,This project could reduce the risk of flooding for over 150 buildings and could reduce the 1% floodplain for over 130 acres,"77015, 77013, 77049, 77044, 77078, 77028, 77093, 77346, 77396, 77039, 77076, 77037, 77338, 77032, 77073, 77090, 
77014, 77066, 77070, 77064, 77038, 77088, 77076, 77037"
Halls Bayou,Storm Repair,Repairs,Storm Repairs in Halls Bayou Watershed,1 & 2,0,6150000,4920000,1230000,Approximately 115 repair projects of erosion and infrastructure identified after Hurricane Harvey.,"77015, 77013, 77049, 77044, 77078, 77028, 77093, 77346, 77396, 77039, 77076, 77037, 77338, 77032, 77073, 77090, 
77014, 77066, 77070, 77064, 77038, 77088, 77076, 77037"
Halls Bayou,Partnership,Drainage improvements,Design and Construction of Stormwater Detention Basin and Associated Channel Improvements,1,0,8000000,7200000,800000,Provides additional stormwater detention in support of flood damage reduction in Halls Bayou Watershed.  Project will be coordinated with existing COH plans.,"77015, 77013, 77049, 77044, 77078, 77028, 77093, 77346, 77396, 77039, 77076, 77037, 77338, 77032, 77073, 77090, 
77014, 77066, 77070, 77064, 77038, 77088, 77076, 77037"
Halls Bayou,Subdivision Drainage Improvement,Drainage improvements,Halls Bayou Subdivision Drainage Improvements,"1, 2, & 4",0,9500000,7125000,2375000,Design and construction of these projects could reduce the risk of flooding for over 700 homes during a 1% rain or flood event.,"77015, 77013, 77049, 77044, 77078, 77028, 77093, 77346, 77396, 77039, 77076, 77037, 77338, 77032, 77073, 77090, 
77014, 77066, 77070, 77064, 77038, 77088, 77076, 77037"
Halls Bayou,Community Input,Construction,Design and Construction of a Stormwater Detention Basin in Brock Park,1,0,10000000,5000000,5000000,Provides additional stormwater detention in support of flood damage reduction in Halls Bayou Watershed. The project costs are to be determined based on partnership with the City of Houston.,"77015, 77013, 77049, 77044, 77078, 77028, 77093, 77346, 77396, 77039, 77076, 77037, 77338, 77032, 77073, 77090, 
77014, 77066, 77070, 77064, 77038, 77088, 77076, 77037"
Halls Bayou,Partnership,Construction,"Right-Of-Way, Design, and Construction of Channel Conveyance Improvements on P118-09-00",1,0,12000000,10800000,1200000,This project could reduce the risk of flooding for over 200 buildings and could reduce the 1% floodplain for over 160 acres,"77015, 77013, 77049, 77044, 77078, 77028, 77093, 77346, 77396, 77039, 77076, 77037, 77338, 77032, 77073, 77090, 
77014, 77066, 77070, 77064, 77038, 77088, 77076, 77037"
Halls Bayou,Partnership,Construction,"Right-Of-Way, Design, and Construction of Channel Conveyance Improvements on P118-23-02",1,0,12000000,10800000,1200000,This project could reduce the risk of flooding for over 100 buildings and could reduce the 1% floodplain for over 160 acres.  Project will be coordinated with existing COH plans.,"77015, 77013, 77049, 77044, 77078, 77028, 77093, 77346, 77396, 77039, 77076, 77037, 77338, 77032, 77073, 77090, 
77014, 77066, 77070, 77064, 77038, 77088, 77076, 77037"
Halls Bayou,Partnership,Construction,"Right-Of-Way, Design, and Construction of Channel Conveyance Improvements on P118-27-00",1,0,12000000,10800000,1200000,This project could reduce the risk of flooding for over 140 buildings and could reduce the 1% floodplain for over 200 acres,"77015, 77013, 77049, 77044, 77078, 77028, 77093, 77346, 77396, 77039, 77076, 77037, 77338, 77032, 77073, 77090, 
77014, 77066, 77070, 77064, 77038, 77088, 77076, 77037"
Halls Bayou,Partnership,Construction,"Right-Of-Way, Design, and Construction of Channel Conveyance Improvements on P118-21-00",2,0,14000000,12600000,1400000,This project could reduce the risk of flooding for over 90 buildings and could reduce the 1% floodplain for over 100 acres,"77015, 77013, 77049, 77044, 77078, 77028, 77093, 77346, 77396, 77039, 77076, 77037, 77338, 77032, 77073, 77090, 
77014, 77066, 77070, 77064, 77038, 77088, 77076, 77037"
Halls Bayou,Partnership,Construction,CDBG-DR (2016) - Aldine Westfield Stormwater Detention Basin and Channel,2,0,14000000,10000000,4000000,Provides joint-benefits of facilitating local drainage improvements and could reduce the risk of flooding for over 50 structures.  Project will be coordinated with existing COH plans.,"77015, 77013, 77049, 77044, 77078, 77028, 77093, 77346, 77396, 77039, 77076, 77037, 77338, 77032, 77073, 77090, 
77014, 77066, 77070, 77064, 77038, 77088, 77076, 77037"
Halls Bayou,Partnership,Construction,"Right-Of-Way, Design, and Construction of Channel Conveyance Improvements on P118-23-00",1,0,16000000,14400000,1600000,This project could reduce the risk of flooding for over 280 buildings and could reduce the 1% floodplain for over 270 acres,"77015, 77013, 77049, 77044, 77078, 77028, 77093, 77346, 77396, 77039, 77076, 77037, 77338, 77032, 77073, 77090, 
77014, 77066, 77070, 77064, 77038, 77088, 77076, 77037"
Halls Bayou,Partnership,Construction,"Right-Of-Way, Design, and Construction of Channel Conveyance Improvements on P118-25-00",2,0,18000000,16200000,1800000,This project could reduce the risk of flooding for over 20 buildings and could reduce the 1% floodplain for over 70 acres,"77015, 77013, 77049, 77044, 77078, 77028, 77093, 77346, 77396, 77039, 77076, 77037, 77338, 77032, 77073, 77090, 
77014, 77066, 77070, 77064, 77038, 77088, 77076, 77037"
Halls Bayou,Partnership,Construction,"Right-Of-Way, Design, and Construction of Channel Conveyance Improvements on P118-08-00","1, 2, & 4",0,25000000,22500000,2500000,This project could reduce the risk of flooding for over 210 buildings and could reduce the 1% floodplain for over 170 acres,"77015, 77013, 77049, 77044, 77078, 77028, 77093, 77346, 77396, 77039, 77076, 77037, 77338, 77032, 77073, 77090, 
77014, 77066, 77070, 77064, 77038, 77088, 77076, 77037"
Halls Bayou,Buyout,Buyout,Federal Grant-Funded Volunteer Home Buyouts,"1, 2, & 4",0,137500000,103125000,34375000,Purchase of approximately 830 buildings.,"77015, 77013, 77049, 77044, 77078, 77028, 77093, 77346, 77396, 77039, 77076, 77037, 77338, 77032, 77073, 77090, 
77014, 77066, 77070, 77064, 77038, 77088, 77076, 77037"
Halls Bayou,Partnership,Construction,Design and Construction of Corps of Engineers Halls Bayou Flood Risk Management Project,"1, 2, & 4",0,200000000,150000000,50000000,"Design and construction of this project could reduce the risk of flooding for over 2,800 structures in the 1% floodplain.","77015, 77013, 77049, 77044, 77078, 77028, 77093, 77346, 77396, 77039, 77076, 77037, 77338, 77032, 77073, 77090, 
77014, 77066, 77070, 77064, 77038, 77088, 77076, 77037"
Harris County,Community Input,Study,Investigation of City of Houston Properties for Conversion to Stormwater Detention Basins,Countywide,0,500000,250000,250000,Evaluation of converting City of Houston properties into stormwater detention basins.,-
Harris County,Storm Repair,Repairs,Storm Repairs in Harris County,Countywide,0,875000,700000,175000,Support of countywide repair projects of erosion and infrastructure identified after Hurricane Harvey.,-
Harris County,Partnership,Warning system,Upgrades and Expansion of the Harris County Flood Warning System,Countywide,0,5000000,3750000,1250000,Improving existing flood monitoring systems to provide additional near-real time information on flooding in Harris County.,-
Harris County,Local,Planning,Countywide Ongoing Planning,Countywide,10000000,0,0,0,Ongoing efforts to identify future projects and work efforts to reduce flooding in Harris County watersheds.,-
Harris County,Local,Administration,Bond Administration,Countywide,10000000,0,0,0,Bond administration with legal and financial professional services,-
Harris County,Local,Drainage improvements,Preliminary Engineering for Large Diameter Tunnels for Stormwater Conveyance,Countywide,20000000,0,0,0,Preliminary engineering for implementation of large diameter tunnels to reduce the risk of flooding across Harris County.,-
Harris County,Partnership,Mapping,Harris County Floodplain Mapping Updates,Countywide,0,25000000,12500000,12500000,Providing more accurate information on the risks of flooding in Harris County.,-
Harris County,Local,Technology,Advanced Emerging Technologies for Flood Damage Reduction,Countywide,25000000,0,0,0,Investigations of new methods to reduce the risk of flooding and associated damages in Harris County.  This can include the use of native vegetation to stabilize channel banks and reduce erosion.,-
Harris County,Local,Construction,Countywide Floodplain Preservation and Right of Way Acquisition,Countywide,50000000,0,0,0,Right of way acquisition along various channels in Harris County in support of District projects and preserve channel conveyance and / or restore natural floodplains in areas subject to frequent flooding.,-
Harris County,Local,Partnerships,Partnership Projects with the Harris County Engineering Department,Countywide,100000000,0,0,0,Jointly funded projects that could reduce the risk of flooding in conjunction with Harris County Engineering Department projects.,-
Harris County,Local,Partnerships,"Partnership Projects with Municipalities, Authorities, and Other Districts in Harris County",Countywide,175000000,0,0,0,Jointly funded projects to address flooding with multi-jurisdictional projects..,-
Harris County,Local,Contingency,Contingency,Countywide,500000000,0,0,0,Unallocated funding for variations in project costs and opportunities identified through public input.,-
Hunting Bayou,Storm Repair,Repairs,Storm Repairs in Hunting Bayou Watershed,1 & 2,0,75000,60000,15000,Approximately 9 repair projects of erosion and infrastructure identified after Hurricane Harvey.,"77009, 77093, 77016, 77028, 77013, 77015, 77547, 77029, 77020, 77026"
Hunting Bayou,Community Input,Study,HCFCD Cost Share of Study with the City of Houston on Wallisville Outfall,1 & 2,500000,0,0,0,Study will investigate flooding problems and identify potential solutions to flooding problems along the H103-00-00 channel.  Project will be coordinated with existing COH plans.,"77009, 77093, 77016, 77028, 77013, 77015, 77547, 77029, 77020, 77026"
Hunting Bayou,Community Input,Construction,"Planning, Right-Of-Way, Design and Construction of a Diversion Channel from H102-00-00 to H100-00-00 through Galena Park",2,10000000,0,0,0,The project could reduce the risk of flooding for structures in lower Hunting Bayou.,"77009, 77093, 77016, 77028, 77013, 77015, 77547, 77029, 77020, 77026"
Hunting Bayou,Local,Construction,"Right-Of-Way Acquisition, Design and Construction of Wallisville Outfall",1 & 2,10000000,0,0,0,The project could reduce the risk of flooding for over 140 structures in the 1% floodplain.,"77009, 77093, 77016, 77028, 77013, 77015, 77547, 77029, 77020, 77026"
Hunting Bayou,Buyout,Buyout,Federal Grant-Funded Volunteer Home Buyouts,2,0,11700000,8775000,2925000,Purchase of approximately 90 buildings.,"77009, 77093, 77016, 77028, 77013, 77015, 77547, 77029, 77020, 77026"
Hunting Bayou,Partnership,Construction,"Design and Construction of  Corps of Engineers Hunting Bayou, Section 211(f) Project",1,0,80000000,70000000,10000000,"The 1% floodplain could be removed from up to 4,450 structures.","77009, 77093, 77016, 77028, 77013, 77015, 77547, 77029, 77020, 77026"
Jackson Bayou,Local,Drainage improvements,Investigations of General Drainage Improvements in Jackson Bayou Watershed,2,500000,0,0,0,"Efforts will investigate flooding problems and evaluate potential solutions to flooding problems to reduce the risk of flooding for up to 4,200 structures in the Jackson Bayou watershed.","77336, 77532"
Jackson Bayou,Subdivision Drainage Improvement,Drainage improvements,Jackson Bayou Subdivision Drainage Improvements,2,0,3000000,2250000,750000,"Design and construction of these projects could reduce the risk of flooding for over 1,900 homes during a 1% rain or flood event.","77336, 77532"
Jackson Bayou,Local,Drainage improvements,"Right-of-Way Acquisition, Design and Construction of General Drainage Improvements in Jackson Bayou Watershed",2,10000000,0,0,0,Design and construction of projects to reduce the risk of flooding in the Jackson Bayou watershed.,"77336, 77532"
Little Cypress Creek,Local,Construction,Design and Construction of Zube Park Stormwater Detention Basin,3,1000000,0,0,0,"This project will reduce the risk of flooding in the Little Cypress Creek watershed.  Projects could include, but not limited to, detention, sediment control, vegetation management, and other flood risk management projects.","77484, 77447, 77433, 77377, 77429"
Little Cypress Creek,Local,Drainage improvements,Construction of Kleb Woods Stormwater Detention Basin Improvements,3,3700000,0,0,0,"This project will reduce the risk of flooding in the Little Cypress Creek watershed.  Projects could include, but not limited to, detention, sediment control, vegetation management, and other flood risk management projects.","77484, 77447, 77433, 77377, 77429"
Little Cypress Creek,Local,Drainage improvements,Construction of Bauer-Hockley Stormwater Detention Basin Improvements,3,3850000,0,0,0,"This project will reduce the risk of flooding in the Little Cypress Creek watershed.  Projects could include, but not limited to, detention, sediment control, vegetation management, and other flood risk management projects.","77484, 77447, 77433, 77377, 77429"
Little Cypress Creek,Buyout,Buyout,Federal Grant-Funded Volunteer Home Buyouts,3 & 4,0,9400000,7050000,2350000,Purchase of approximately 30 buildings.,"77484, 77447, 77433, 77377, 77429"
Little Cypress Creek,Local,Drainage improvements,Construction of Mueschke West Stormwater Detention Basin Improvements,3,10600000,0,0,0,"This project will reduce the risk of flooding in the Little Cypress Creek watershed.  Projects could include, but not limited to, detention, sediment control, vegetation management, and other flood risk management projects.","77484, 77447, 77433, 77377, 77429"
Little Cypress Creek,Local,Construction,"Right-Of-Way Acquisition, Design, and Construction of Kluge Stormwater Detention Basin",4,11000000,0,0,0,"This project will reduce the risk of flooding in the Little Cypress Creek watershed.  Projects could include, but not limited to, detention, sediment control, vegetation management, and other flood risk management projects.","77484, 77447, 77433, 77377, 77429"
Little Cypress Creek,Local,Drainage improvements,Construction of Hegar Stormwater Detention Basin Improvements,3,11800000,0,0,0,"This project will reduce the risk of flooding in the Little Cypress Creek watershed.  Projects could include, but not limited to, detention, sediment control, vegetation management, and other flood risk management projects.","77484, 77447, 77433, 77377, 77429"
Little Cypress Creek,Local,Construction,"ROW, Design, and Construction of Mason Stormwater Detention Basin in Little Cypress Creek watershed",3,13000000,0,0,0,"This project will reduce the risk of flooding in the Little Cypress Creek watershed.  Projects could include, but not limited to, detention, sediment control, vegetation management, and other flood risk management projects.","77484, 77447, 77433, 77377, 77429"
Little Cypress Creek,Subdivision Drainage Improvement,Drainage improvements,Little Cypress Creek Subdivision Drainage Improvements,3 & 4,0,14590000,10942500,3647500,Design and construction of these projects could reduce the risk of flooding for over 200 homes during a 1% rain or flood event.,"77484, 77447, 77433, 77377, 77429"
Little Cypress Creek,Local,Construction,"Right-Of-Way Acquisition, Design, and Construction of Mueschke East Stormwater Detention Basin",3,15900000,0,0,0,"This project will reduce the risk of flooding in the Little Cypress Creek watershed.  Projects could include, but not limited to, detention, sediment control, vegetation management, and other flood risk management projects.","77484, 77447, 77433, 77377, 77429"
Little Cypress Creek,Local,Construction,"Right-Of-Way Acquisition, Design, and Construction of Schiel Stormwater Detention Basin",3,16000000,0,0,0,"This project will reduce the risk of flooding in the Little Cypress Creek watershed.  Projects could include, but not limited to, detention, sediment control, vegetation management, and other flood risk management projects.","77484, 77447, 77433, 77377, 77429"
Little Cypress Creek,Partnership,Study,Frontier Program Downstream of Cypress Rosehill,3 & 4,0,24500000,18375000,6125000,"Investigations to develop and implement a masterplan for reducing the risk of flooding and regional infrastructure development in the lower end of the Little Cypress Creek watershed. Projects could include, but not limited to, detention, sediment control, vegetation management, and other flood risk management projects.","77484, 77447, 77433, 77377, 77429"
Little Cypress Creek,Local,Drainage improvements,Design and Construction of Additional Volume in Little Cypress Creek Stormwater Detention Basins,3 & 4,25000000,0,0,0,"Design and Construction of additional volume in existing stormwater detention basins to reduce the risk of flooding in the watershed.  Projects could include, but not limited to, detention, sediment control, vegetation management, and other flood risk management projects.","77484, 77447, 77433, 77377, 77429"
Little Cypress Creek,Local,Construction,"Management, Right-of-Way Acquisition, Design and Construction of the Little Cypress Creek Frontier Program",3,25950000,0,0,0,Implementation and construction of the Little Cypress Creek Frontier Program could remove the 1% floodplain for over 730 acres in the watershed.,"77484, 77447, 77433, 77377, 77429"
Luce Bayou,Storm Repair,Repairs,Storm Repairs in Luce Bayou Watershed,2,0,75000,60000,15000,Approximately 3 repair projects of erosion and infrastructure identified after Hurricane Harvey.,"77357, 77336, 77535, 77327"
Luce Bayou,Local,Drainage improvements,"Planning, Right-of-Way Acquisition, Design and Construction of General Drainage Improvements in Luce Bayou Watershed",2,500000,0,0,0,Effort will investigate flooding problems and evaluate potential solutions to flooding problems to reduce the risk of flooding in the Luce Bayou watershed.,"77357, 77336, 77535, 77327"
Luce Bayou,Local,Drainage improvements,"Right-of-Way Acquisition, Design and Construction of General Drainage Improvements in Luce Bayou Watershed",2,10000000,0,0,0,"To facilitate drainage improvements benefitting up to 3,000 structures.in the watershed.","77357, 77336, 77535, 77327"
Luce Bayou,Local,Repairs,Luce Bayou Right-of-Way Acquisition and Floodplain Preservation,2,10000000,0,0,0,"Right of way acquisition along Luce Bayou for project support, to preserve channel conveyance and / or restore natural floodplains in areas subject to frequent flooding.","77357, 77336, 77535, 77327"
San Jacinto River,Community Input,Study,Investigations of Potential Detention Sites Around Glendale Dredge Site in Partnership with the City of Houston,1,0,100000,50000,50000,Study will investigate potential sites and benefits for detention in and around Glendale Dredge site in partnership with the City of Houston.,"77029, 77012, 77017, 77547, 77506, 77015, 77503, 77536, 77523, 77571, 77520, 77530,77562, 77049, 77532, 77044, 77338, 77346, 77336,77345, 77339, 77386, 77365, 77357, 77327, 77372, 77306, 77302, 7385, 77380, 77381, 77354"
San Jacinto River,Storm Repair,Repairs,Storm Repairs in San Jacinto River Watershed,"1, 2, & 4",0,600000,480000,120000,Approximately 17 repair projects of erosion and infrastructure identified after Hurricane Harvey.,"77029, 77012, 77017, 77547, 77506, 77015, 77503, 77536, 77523, 77571, 77520, 77530,77562, 77049, 77532, 77044, 77338, 77346, 77336,77345, 77339, 77386, 77365, 77357, 77327, 77372, 77306, 77302, 7385, 77380, 77381, 77354"
San Jacinto River,Partnership,Study,San Jacinto River Watershed Study,"1, 2, & 4",0,2500000,1875000,625000,Study will investigate flooding problems and identify potential solutions to flooding from the San Jacinto River.,"77029, 77012, 77017, 77547, 77506, 77015, 77503, 77536, 77523, 77571, 77520, 77530,77562, 77049, 77532, 77044, 77338, 77346, 77336,77345, 77339, 77386, 77365, 77357, 77327, 77372, 77306, 77302, 7385, 77380, 77381, 77354"
San Jacinto River,Subdivision Drainage Improvement,Drainage improvements,San Jacinto River Subdivision Drainage Improvements,"1, 2, & 4",0,6450000,4837500,1612500,Design and construction of these projects could reduce the risk of flooding for over 500 homes during a 1% rain or flood event.,"77029, 77012, 77017, 77547, 77506, 77015, 77503, 77536, 77523, 77571, 77520, 77530,77562, 77049, 77532, 77044, 77338, 77346, 77336,77345, 77339, 77386, 77365, 77357, 77327, 77372, 77306, 77302, 7385, 77380, 77381, 77354"
San Jacinto River,Local,Drainage improvements,"Planning , Right-Of-Way Acquisition, design and Construction of General Drainage Improvements Near Atascocita",2,10000000,0,0,0,This project could reduce the risk of flooding and facilitate drainage improvements in the area of Atascocita in the San Jacinto River watershed.,"77029, 77012, 77017, 77547, 77506, 77015, 77503, 77536, 77523, 77571, 77520, 77530,77562, 77049, 77532, 77044, 77338, 77346, 77336,77345, 77339, 77386, 77365, 77357, 77327, 77372, 77306, 77302, 7385, 77380, 77381, 77354"
San Jacinto River,Local,Drainage improvements,"Planning , Right-Of-Way Acquisition, design and Construction of General Drainage Improvements East of Lake Houston",2,10000000,0,0,0,This project could reduce the risk of flooding and facilitate drainage improvements in the area east of Lake Houston in the San Jacinto River watershed.,"77029, 77012, 77017, 77547, 77506, 77015, 77503, 77536, 77523, 77571, 77520, 77530,77562, 77049, 77532, 77044, 77338, 77346, 77336,77345, 77339, 77386, 77365, 77357, 77327, 77372, 77306, 77302, 7385, 77380, 77381, 77354"
San Jacinto River,Local,Drainage improvements,"Planning , Right-Of-Way Acquisition, design and Construction of General Drainage Improvements Near Huffman",2,10000000,0,0,0,This project could reduce the risk of flooding and facilitate drainage improvements in the area of Huffman in the San Jacinto River watershed.,"77029, 77012, 77017, 77547, 77506, 77015, 77503, 77536, 77523, 77571, 77520, 77530,77562, 77049, 77532, 77044, 77338, 77346, 77336,77345, 77339, 77386, 77365, 77357, 77327, 77372, 77306, 77302, 7385, 77380, 77381, 77354"
San Jacinto River,Local,Drainage improvements,"Planning , Right-Of-Way Acquisition, design and Construction of General Drainage Improvements Near Kingwood",2,10000000,0,0,0,This project could reduce the risk of flooding and facilitate drainage improvements in the area of Kingwood in the San Jacinto River watershed.,"77029, 77012, 77017, 77547, 77506, 77015, 77503, 77536, 77523, 77571, 77520, 77530,77562, 77049, 77532, 77044, 77338, 77346, 77336,77345, 77339, 77386, 77365, 77357, 77327, 77372, 77306, 77302, 7385, 77380, 77381, 77354"
San Jacinto River,Community Input,Drainage improvements,"Planning, Right-Of-Way, Design and Construction of Conveyance Improvements along Panther Creek",2,10000000,0,0,0,"Planning, right of way acquisition, design and construction of projects to reduce the risk of flooding along Panther Creek.","77029, 77012, 77017, 77547, 77506, 77015, 77503, 77536, 77523, 77571, 77520, 77530,77562, 77049, 77532, 77044, 77338, 77346, 77336,77345, 77339, 77386, 77365, 77357, 77327, 77372, 77306, 77302, 7385, 77380, 77381, 77354"
San Jacinto River,Community Input,Drainage improvements,"East Fork, West Fork and Lake Houston Dredging","1, 2, & 4",0,50000000,40000000,10000000,"Potential partnership project with the City of Houston, Coastal Water Authority, and the State of Texas to permit, design, and complete dredging of the East Fork, West Fork and Lake Houston area waterways to reduce flooding risks.","77029, 77012, 77017, 77547, 77506, 77015, 77503, 77536, 77523, 77571, 77520, 77530,77562, 77049, 77532, 77044, 77338, 77346, 77336,77345, 77339, 77386, 77365, 77357, 77327, 77372, 77306, 77302, 7385, 77380, 77381, 77354"
San Jacinto River,Community Input,Construction,Design and Construction of Additional Gates on Lake Houston in Partnership with the City of Houston,"1, 2, & 4",0,70000000,50000000,20000000,Design and construction of additional gates which could enhance the operation of Lake Houston for reduction of flood risk along the  San Jacinto River.  The partnership and project costs are to be determined.,"77029, 77012, 77017, 77547, 77506, 77015, 77503, 77536, 77523, 77571, 77520, 77530,77562, 77049, 77532, 77044, 77338, 77346, 77336,77345, 77339, 77386, 77365, 77357, 77327, 77372, 77306, 77302, 7385, 77380, 77381, 77354"
San Jacinto River,Partnership,Study,"Funding for Future Partnership Projects Based on Results of Study - for Right-of-Way Acquisition, Design, and Construction of General Drainage Improvements in San Jacinto River Watershed Study","1, 2, & 4",0,75000000,56250000,18750000,"Design and construction of partnership projects to reduce the risk of flooding along the San Jacinto River. Projects could include, but not limited to, detention, sediment control, vegetation management, and other flood risk management projects.","77029, 77012, 77017, 77547, 77506, 77015, 77503, 77536, 77523, 77571, 77520, 77530,77562, 77049, 77532, 77044, 77338, 77346, 77336,77345, 77339, 77386, 77365, 77357, 77327, 77372, 77306, 77302, 7385, 77380, 77381, 77354"
San Jacinto River,Buyout,Buyout,Federal Grant-Funded Volunteer Home Buyouts,"1, 2, & 4",0,112800000,84600000,28200000,Purchase of approximately 470 buildings.,"77029, 77012, 77017, 77547, 77506, 77015, 77503, 77536, 77523, 77571, 77520, 77530,77562, 77049, 77532, 77044, 77338, 77346, 77336,77345, 77339, 77386, 77365, 77357, 77327, 77372, 77306, 77302, 7385, 77380, 77381, 77354"
Sims Bayou,Subdivision Drainage Improvement,Drainage improvements,Sims Bayou Subdivision Drainage Improvements,1 & 2,0,880000,660000,220000,Design and construction of these projects could reduce the risk of flooding for over 50 homes during a 1% rain or flood event.,"77477, 77489, 77053, 77085, 77045, 77047, 77051, 77033, 77048, 77075, 77087, 77061, 77012, 77017, 77587, 77034, 77504"
Sims Bayou,Storm Repair,Repairs,Storm Repairs in Sims Bayou Watershed,1 & 2,0,1525000,1220000,305000,Approximately 44 repair projects of erosion and infrastructure identified after Hurricane Harvey.,"77477, 77489, 77053, 77085, 77045, 77047, 77051, 77033, 77048, 77075, 77087, 77061, 77012, 77017, 77587, 77034, 77504"
Sims Bayou,Community Input,Drainage improvements,"Planning, Right-Of-Way Acquisition, Design, and Construction of Improvements for the Tributaries of C106-00-00",2,2000000,0,0,0,The project could reduce the risk of flooding for structures along tributaries of C106-00-00.  Project will be coordinated with existing City of South Houston and City of Houston plans.,"77477, 77489, 77053, 77085, 77045, 77047, 77051, 77033, 77048, 77075, 77087, 77061, 77012, 77017, 77587, 77034, 77504"
Sims Bayou,Local,Construction,"Planning, Right-Of-Way Acquisition, Design and Construction Along C116-00-00",1,10000000,0,0,0,Could reduce the risk of flooding and could improve local drainage issues for buildings along the channel.  Project will be coordinated with existing COH plans.,"77477, 77489, 77053, 77085, 77045, 77047, 77051, 77033, 77048, 77075, 77087, 77061, 77012, 77017, 77587, 77034, 77504"
Sims Bayou,Local,Construction,"Planning, Right-Of-Way Acquisition, Design and Construction Along C124-00-00",1,10000000,0,0,0,Could reduce the risk of flooding and could improve local drainage issues for buildings along the channel.,"77477, 77489, 77053, 77085, 77045, 77047, 77051, 77033, 77048, 77075, 77087, 77061, 77012, 77017, 77587, 77034, 77504"
Sims Bayou,Local,Construction,"Planning, Right-Of-Way Acquisition, Design and Construction Along C143-00-00",1,10000000,0,0,0,Could reduce the risk of flooding and could improve local drainage issues for buildings along the channel.,"77477, 77489, 77053, 77085, 77045, 77047, 77051, 77033, 77048, 77075, 77087, 77061, 77012, 77017, 77587, 77034, 77504"
Sims Bayou,Local,Construction,"Planning, Right-Of-Way Acquisition, Design and Construction Along C144-00-00",1,10000000,0,0,0,Could reduce the risk of flooding and could improve local drainage issues for buildings along the channel.,"77477, 77489, 77053, 77085, 77045, 77047, 77051, 77033, 77048, 77075, 77087, 77061, 77012, 77017, 77587, 77034, 77504"
Sims Bayou,Partnership,Construction,Design and Construction of C506-01-00-E003,2,0,15000000,11250000,3750000,Provides additional stormwater detention in support of flood damage reduction in Sims Bayou Watershed.  Project will be coordinated with existing COH plans.,"77477, 77489, 77053, 77085, 77045, 77047, 77051, 77033, 77048, 77075, 77087, 77061, 77012, 77017, 77587, 77034, 77504"
Sims Bayou,Partnership,Drainage improvements,"Right-Of-Way Acquisition, Design, and Construction of South Post Oak Stormwater Detention Basin and Channel Conveyance Improvements along C147-00-00",1,0,18170000,13627500,4542500,The project could reduce the risk of  flooding for over 210 structures in the 1% floodplain.,"77477, 77489, 77053, 77085, 77045, 77047, 77051, 77033, 77048, 77075, 77087, 77061, 77012, 77017, 77587, 77034, 77504"
Sims Bayou,Community Input,Repairs,Restore Channel Conveyance Capacity Along C102-00-00,2,0,30000000,15000000,15000000,Major maintenance to restore channel conveyance capacity in partnership with the City of Houston.  Project will be coordinated with existing COH plans.,"77477, 77489, 77053, 77085, 77045, 77047, 77051, 77033, 77048, 77075, 77087, 77061, 77012, 77017, 77587, 77034, 77504"
Sims Bayou,Community Input,Repairs,Restore Channel Conveyance Capacity Along C146-00-00,2,0,30000000,15000000,15000000,Major maintenance to restore channel conveyance capacity in partnership with the City of Houston.  Project will be coordinated with existing COH plans.,"77477, 77489, 77053, 77085, 77045, 77047, 77051, 77033, 77048, 77075, 77087, 77061, 77012, 77017, 77587, 77034, 77504"
Sims Bayou,Partnership,Drainage improvements,"Right-Of-Way Acquisition, Design, and Construction of Stormwater Detention Basin and Channel Conveyance Improvements along Salt Water Ditch",1,0,50000000,37500000,12500000,"The project could reduce the risk of flooding for over 1,900 structures near C118-00-00 in the 1% floodplain.  Project will be coordinated with existing COH plans.","77477, 77489, 77053, 77085, 77045, 77047, 77051, 77033, 77048, 77075, 77087, 77061, 77012, 77017, 77587, 77034, 77504"
Spring Creek,Buyout,Buyout,Federal Grant-Funded Volunteer Home Buyouts,3 & 4,0,300000,225000,75000,Purchase of several buildings.,"77338, 77386, 77373, 77389, 77380, 77381, 77384, 77382, 77354, 77375, 77377, 77355, 77362, 77447, 77484, 77868, 77363"
Spring Creek,Storm Repair,Repairs,Storm Repairs in Spring Creek Watershed,3 & 4,0,450000,360000,90000,Approximately 20 repair projects of erosion and infrastructure identified after Hurricane Harvey.,"77338, 77386, 77373, 77389, 77380, 77381, 77384, 77382, 77354, 77375, 77377, 77355, 77362, 77447, 77484, 77868, 77363"
Spring Creek,Local,Drainage improvements,Investigations of General Drainage Improvements along Spring Creek,3 & 4,500000,0,0,0,Effort will investigate flooding problems and evaluate potential solutions to flooding problems to reduce the risk of flooding in the Spring Creek watershed.,"77338, 77386, 77373, 77389, 77380, 77381, 77384, 77382, 77354, 77375, 77377, 77355, 77362, 77447, 77484, 77868, 77363"
Spring Creek,Subdivision Drainage Improvement,Drainage improvements,Spring Creek Subdivision Drainage Improvements,3 & 4,0,6285000,4713750,1571250,Design and construction of these projects could reduce the risk of flooding for over 500 homes during a 1% rain or flood event.,"77338, 77386, 77373, 77389, 77380, 77381, 77384, 77382, 77354, 77375, 77377, 77355, 77362, 77447, 77484, 77868, 77363"
Spring Creek,Local,Drainage improvements,"Right-of-Way Acquisition, Design and Construction of General Drainage Improvements along Spring Creek",3 & 4,10000000,0,0,0,"Design and construction of a project to reduce the risk of flooding in the Spring Creek watershed.  Projects could include, but not limited to, detention, sediment control, vegetation management, and other flood risk management projects.","77338, 77386, 77373, 77389, 77380, 77381, 77384, 77382, 77354, 77375, 77377, 77355, 77362, 77447, 77484, 77868, 77363"
Spring Creek,Partnership,Construction,"Planning, Right-of-Way Acquisition, Design and Construction of a Reservoir along Spring Creek",3 & 4,0,25000000,12500000,12500000,"This partnership will evaluate the effectiveness, construction, and operation of a reservoir in the Spring Creek watershed.  Projects could include, but not limited to, detention, sediment control, vegetation management, and other flood risk management projects.","77338, 77386, 77373, 77389, 77380, 77381, 77384, 77382, 77354, 77375, 77377, 77355, 77362, 77447, 77484, 77868, 77363"
Spring Creek,Local,Construction,Spring Creek Right-of-Way Acquisition and Floodplain Preservation,3 & 4,50000000,0,0,0,"Right of way acquisition along Spring Creek for project support, to preserve channel conveyance and / or restore natural floodplains in areas subject to frequent flooding.","77338, 77386, 77373, 77389, 77380, 77381, 77384, 77382, 77354, 77375, 77377, 77355, 77362, 77447, 77484, 77868, 77363"
Vince Bayou,Storm Repair,Repairs,Storm Repairs in Vince Bayou Watershed,2,0,375000,300000,75000,Approximately 17 repair projects of erosion and infrastructure identified after Hurricane Harvey.,"77012, 77017, 77506, 77503, 77502, 77587, 77504, 77034"
Vince Bayou,Buyout,Buyout,Federal Grant-Funded Volunteer Home Buyouts,2,0,400000,300000,100000,Purchase of several buildings.,"77012, 77017, 77506, 77503, 77502, 77587, 77504, 77034"
Vince Bayou,Local,Study,Investigations of General Drainage Improvements in Vince Bayou Watershed,2,500000,0,0,0,Effort will investigate flooding problems and evaluating potential solutions to flooding problems to reduce the risk of flooding in the Vince Bayou watershed.,"77012, 77017, 77506, 77503, 77502, 77587, 77504, 77034"
Vince Bayou,Local,Drainage improvements,"Right-of-Way Acquisition, Design and Construction of General Drainage Improvements in Vince Bayou Watershed",2,15000000,0,0,0,Design and construction of projects to reduce the risk of flooding in the Vince Bayou watershed.,"77012, 77017, 77506, 77503, 77502, 77587, 77504, 77034"
White Oak Bayou,Community Input,Study,Investigation of Additional Stormwater Detention Basins in the White Oak Bayou Watershed,"1, 2, & 3",0,250000,125000,125000,The project could reduce the risk of flooding for structures in the watershed.  Project will be coordinated with existing COH plans.,"77429, 77065, 77070, 77041, 77064, 77086, 77040, 77043, 77080, 77055, 77092, 77008, 77007, 77002, 77009, 77022, 77091, 77076, 77037, 77088, 77038"
White Oak Bayou,Community Input,Study,Partnership Project with the City of Houston for Feasibility Study of General Drainage Improvements around Hidden Lake Townhomes,4,0,350000,175000,175000,Feasibility study in partnership with the City of Houston will evaluate general drainage improvements that could reduce the risk of flooding for homes in Hidden Lakes Townhomes.,"77429, 77065, 77070, 77041, 77064, 77086, 77040, 77043, 77080, 77055, 77092, 77008, 77007, 77002, 77009, 77022, 77091, 77076, 77037, 77088, 77038"
White Oak Bayou,Community Input,Drainage improvements,"Partnership Project with City of Houston on Planning, Right-of-Way Acquisition, Design, and Construction of General Drainage Improvements along E105-00-00",4,0,2000000,1000000,1000000,"Planning, right of way acquisition, design and construction of this project could reduce the risk of flooding for homes along E105-00-00.","77429, 77065, 77070, 77041, 77064, 77086, 77040, 77043, 77080, 77055, 77092, 77008, 77007, 77002, 77009, 77022, 77091, 77076, 77037, 77088, 77038"
White Oak Bayou,Community Input,Drainage improvements,"Partnership Project with Jersey Village on Right-of-Way Acquisition, Design, and Construction of General Drainage Improvements along E127-00-00",4,0,3000000,1500000,1500000,"Planning, right of way acquisition, design and construction of this project could reduce the risk of flooding for homes along E127-00-00.","77429, 77065, 77070, 77041, 77064, 77086, 77040, 77043, 77080, 77055, 77092, 77008, 77007, 77002, 77009, 77022, 77091, 77076, 77037, 77088, 77038"
White Oak Bayou,Storm Repair,Repairs,Storm Repairs in White Oak Bayou Watershed,"1, 3, & 4",0,6400000,5120000,1280000,Approximately 157 repair projects of erosion and infrastructure identified after Hurricane Harvey.,"77429, 77065, 77070, 77041, 77064, 77086, 77040, 77043, 77080, 77055, 77092, 77008, 77007, 77002, 77009, 77022, 77091, 77076, 77037, 77088, 77038"
White Oak Bayou,Partnership,Construction,Design and Construction of Arbor Oaks Stormwater Detention Basin,1,0,10000000,7500000,2500000,"This stormwater detention basin facilitates completion of the federal project on White Oak Bayou which could reduce the risk of flooding for 1,800 structures in the 2% floodplain.  Project will be coordinated with existing COH plans.","77429, 77065, 77070, 77041, 77064, 77086, 77040, 77043, 77080, 77055, 77092, 77008, 77007, 77002, 77009, 77022, 77091, 77076, 77037, 77088, 77038"
White Oak Bayou,Partnership,Construction,Construction of Inwood Forest East Stormwater Detention Basin,1,0,23000000,17000000,6000000,Design and construction of this project and Inwood Forest West Stormwater Detention Basin could reduce the risk of flooding for over 950 structures in the 1% floodplain,"77429, 77065, 77070, 77041, 77064, 77086, 77040, 77043, 77080, 77055, 77092, 77008, 77007, 77002, 77009, 77022, 77091, 77076, 77037, 77088, 77038"
White Oak Bayou,Partnership,Construction,Construction of Inwood Forest West Stormwater Detention Basin,1 & 4,0,24000000,18000000,6000000,Design and construction of this project and Inwood Forest East Stormwater Detention Basin could reduce the risk of flooding for over 950 structures in the 1% floodplain.  Project will be coordinated with existing COH plans.,"77429, 77065, 77070, 77041, 77064, 77086, 77040, 77043, 77080, 77055, 77092, 77008, 77007, 77002, 77009, 77022, 77091, 77076, 77037, 77088, 77038"
White Oak Bayou,Local,Drainage improvements,"Planning, Right-Of-Way Acquisition, Design and Construction of Little White Oak Bayou Channel Conveyance Improvements",1 & 2,30000000,0,0,0,"Planning, right of way acquisition, design and construction of this project could reduce the risk of flooding for over 1,150 structures in the 1% floodplain.","77429, 77065, 77070, 77041, 77064, 77086, 77040, 77043, 77080, 77055, 77092, 77008, 77007, 77002, 77009, 77022, 77091, 77076, 77037, 77088, 77038"
White Oak Bayou,Partnership,Construction,Design and Construction of Woodland Trails Stormwater Detention Basin,4,0,31000000,23250000,7750000,"This stormwater detention basin facilitates completion of the federal project on White Oak Bayou which could reduce the risk of flooding for 1,800 structures in the 2% floodplain.","77429, 77065, 77070, 77041, 77064, 77086, 77040, 77043, 77080, 77055, 77092, 77008, 77007, 77002, 77009, 77022, 77091, 77076, 77037, 77088, 77038"
White Oak Bayou,Local,Drainage improvements,"Right-Of-Way Acquisition, Design, and Construction of Channel Conveyance Improvements on Brickhouse Gully",4,35000000,0,0,0,"Right of way acquisition, design and construction of this project could reduce  the risk of flooding for over 1,300 structures in the 1% floodplain.  Project will be coordinated with existing COH plans.","77429, 77065, 77070, 77041, 77064, 77086, 77040, 77043, 77080, 77055, 77092, 77008, 77007, 77002, 77009, 77022, 77091, 77076, 77037, 77088, 77038"
White Oak Bayou,Subdivision Drainage Improvement,Drainage improvements,White Oak Bayou Subdivision Drainage Improvements,"1, 3, & 4",0,36250000,27187500,9062500,"Design and construction of these projects could reduce the risk of flooding for over 2,400 homes during a 1% rain or flood event.","77429, 77065, 77070, 77041, 77064, 77086, 77040, 77043, 77080, 77055, 77092, 77008, 77007, 77002, 77009, 77022, 77091, 77076, 77037, 77088, 77038"
White Oak Bayou,Community Input,Drainage improvements,"Right-of-Way Acquisition, Design and Construction of General Drainage Improvements along Turkey Gully",3 & 4,0,40000000,30000000,10000000,Project could reduce the risk of flooding for structures along Turkey Gully in partnership with the City of Houston.,"77429, 77065, 77070, 77041, 77064, 77086, 77040, 77043, 77080, 77055, 77092, 77008, 77007, 77002, 77009, 77022, 77091, 77076, 77037, 77088, 77038"
White Oak Bayou,Partnership,Construction,Design and Construction of Corps of Engineers White Oak Bayou Section 211(f) Project,1 & 4,0,95000000,75000000,20000000,"This project could reduce the risk of flooding for over 1,800 buildings in the 2% floodplain.","77429, 77065, 77070, 77041, 77064, 77086, 77040, 77043, 77080, 77055, 77092, 77008, 77007, 77002, 77009, 77022, 77091, 77076, 77037, 77088, 77038"
White Oak Bayou,Partnership,Construction,"Right-of-Way Acquisition, Design and Construction of the North Canal",2,0,100000000,80000000,20000000,Design and construction of this project could reduce the risk of flooding upstream and downstream of downtown Houston.  Project will be coordinated with existing COH plans.,"77429, 77065, 77070, 77041, 77064, 77086, 77040, 77043, 77080, 77055, 77092, 77008, 77007, 77002, 77009, 77022, 77091, 77076, 77037, 77088, 77038"
White Oak Bayou,Buyout,Buyout,Federal Grant-Funded Volunteer Home Buyouts,1 & 4,0,119300000,89475000,29825000,Purchase of approximately 660 buildings.,"77429, 77065, 77070, 77041, 77064, 77086, 77040, 77043, 77080, 77055, 77092, 77008, 77007, 77002, 77009, 77022, 77091, 77076, 77037, 77088, 77038"
Willow Creek,Local,Study,Investigations of General Drainage Improvements in Willow Creek Watershed,3 & 4,500000,0,0,0,Effort will investigate flooding problems and evaluate potential solutions to flooding problems to reduce the risk of flooding in the Willow Creek watershed.,"77389, 77379, 77375, 77377, 77429, 77433"
Willow Creek,Storm Repair,Repairs,Storm Repairs in Willow Creek Watershed,3 & 4,0,675000,540000,135000,Approximately 12 repair projects of erosion and infrastructure identified after Hurricane Harvey.,"77389, 77379, 77375, 77377, 77429, 77433"
Willow Creek,Local,Construction,Design and Construction of Cypress Rosehill Stormwater Detention Basin,4,1100000,0,0,0,"Providing joint-benefits of mitigating impacts of roadway construction and could reduce the risk of flooding for homes in the surrounding area.  Projects could include, but not limited to, detention, sediment control, vegetation management, and other flood risk management projects.","77389, 77379, 77375, 77377, 77429, 77433"
Willow Creek,Buyout,Buyout,Federal Grant-Funded Volunteer Home Buyouts,4,0,2100000,1575000,525000,Purchase of approximately 10 buildings.,"77389, 77379, 77375, 77377, 77429, 77433"
Willow Creek,Local,Drainage improvements,"Right-of-Way Acquisition, Design and Construction of General Drainage Improvements in Willow Creek Watershed",3 & 4,15000000,0,0,0,Design and construction of projects to reduce the risk of flooding in the Willow Creek watershed.,"77389, 77379, 77375, 77377, 77429, 77433"
Willow Creek,Local,Drainage improvements,Design and Construction of Channel Conveyance Improvements on M124-00-00,4,21000000,0,0,0,The project could reduce the risk of flooding for structures in the 1% floodplain and increase drainage efficiency.,"77389, 77379, 77375, 77377, 77429, 77433"
Willow Creek,Local,Construction,Willow Creek Right-of-Way Acquisition and Floodplain Preservation,3 & 4,30000000,0,0,0,"Right of way acquisition along Willow Creek for project support, to preserve channel conveyance and / or restore natural floodplains in areas subject to frequent flooding.","77389, 77379, 77375, 77377, 77429, 77433"
